{"cameraMode":{"drawMode":0,"name":"Shaded","section":"Shading Mode"},"sceneLighting":false,"audioPlay":false,"sceneViewState":{"showFog":true,"showMaterialUpdate":false,"showSkybox":false,"showFlares":true,"showImageEffects":true,"showParticleSystems":true},"in2DMode":false,"pivot":{"x":0.0545370876789093,"y":0.6259982585906982,"z":0.21292582154273988},"rotation":{"x":0.13724079728126527,"y":-0.21306611597537995,"z":0.03024303913116455,"w":0.9668792486190796},"size":0.3111746311187744,"orthographic":false}