{"cameraMode":{"drawMode":0,"name":"Shaded","section":"Shading Mode"},"sceneLighting":false,"audioPlay":false,"sceneViewState":{"showFog":true,"showMaterialUpdate":false,"showSkybox":false,"showFlares":true,"showImageEffects":true,"showParticleSystems":true},"in2DMode":false,"pivot":{"x":-0.1749688684940338,"y":-0.12920527160167695,"z":0.019966840744018556},"rotation":{"x":0.3026931583881378,"y":-0.6920178532600403,"z":0.4091925621032715,"w":0.5119093656539917},"size":0.41160401701927187,"orthographic":true}