{"cameraMode":{"drawMode":0,"name":"Shaded","section":"Shading Mode"},"sceneLighting":false,"audioPlay":false,"sceneViewState":{"showFog":true,"showMaterialUpdate":false,"showSkybox":false,"showFlares":true,"showImageEffects":true,"showParticleSystems":true},"in2DMode":false,"pivot":{"x":-0.7047406435012817,"y":0.9749071598052979,"z":0.12101608514785767},"rotation":{"x":0.3536188006401062,"y":0.4141830801963806,"z":-0.17873750627040864,"w":0.819430410861969},"size":0.38051557540893557,"orthographic":false}