{"cameraMode":{"drawMode":0,"name":"Shaded","section":"Shading Mode"},"sceneLighting":false,"audioPlay":false,"sceneViewState":{"showFog":true,"showMaterialUpdate":false,"showSkybox":false,"showFlares":true,"showImageEffects":true,"showParticleSystems":true},"in2DMode":false,"pivot":{"x":-0.024014931172132493,"y":0.7775119543075562,"z":0.5222794413566589},"rotation":{"x":-0.25611919164657595,"y":0.681876003742218,"z":-0.27909448742866518,"w":-0.6257472634315491},"size":0.07122139632701874,"orthographic":true}